{"cameraMode":{"drawMode":0,"name":"Shaded","section":"Shading Mode"},"sceneLighting":true,"audioPlay":false,"sceneViewState":{"showFog":false,"showMaterialUpdate":false,"showSkybox":false,"showFlares":false,"showImageEffects":false,"showParticleSystems":false},"in2DMode":false,"pivot":{"x":-0.7090997695922852,"y":-1.8887438774108887,"z":0.5908749103546143},"rotation":{"x":-0.17319925129413606,"y":0.5932573676109314,"z":-0.13260051608085633,"w":-0.7748980522155762},"size":11.940873146057129,"orthographic":false}