{"cameraMode":{"drawMode":0,"name":"Shaded","section":"Shading Mode"},"sceneLighting":true,"audioPlay":false,"sceneViewState":{"showFog":true,"showMaterialUpdate":true,"showSkybox":false,"showFlares":true,"showImageEffects":true,"showParticleSystems":true},"in2DMode":false,"pivot":{"x":-0.9938807487487793,"y":13.90201187133789,"z":11.945720672607422},"rotation":{"x":0.04811056703329086,"y":-0.13888390362262727,"z":0.006755403243005276,"w":0.9891170859336853},"size":95.74482727050781,"orthographic":false}