{"cameraMode":{"drawMode":0,"name":"Shaded","section":"Shading Mode"},"sceneLighting":true,"audioPlay":false,"sceneViewState":{"showFog":false,"showMaterialUpdate":false,"showSkybox":false,"showFlares":false,"showImageEffects":false,"showParticleSystems":false},"in2DMode":false,"pivot":{"x":-0.22693660855293275,"y":4.739535808563232,"z":14.510318756103516},"rotation":{"x":-0.03838871419429779,"y":0.0009058107971213758,"z":-0.00003488231959636323,"w":-0.9992632865905762},"size":30.69275665283203,"orthographic":false}