{"cameraMode":{"drawMode":0,"name":"Shaded","section":"Shading Mode"},"sceneLighting":false,"audioPlay":false,"sceneViewState":{"showFog":false,"showMaterialUpdate":false,"showSkybox":false,"showFlares":false,"showImageEffects":false,"showParticleSystems":false},"in2DMode":false,"pivot":{"x":-4.523248195648193,"y":-2.2561542987823488,"z":10.656800270080567},"rotation":{"x":0.16538019478321076,"y":0.17648173868656159,"z":-0.030094295740127565,"w":0.969843864440918},"size":24.127962112426759,"orthographic":false}