{"cameraMode":{"drawMode":0,"name":"Shaded","section":"Shading Mode"},"sceneLighting":true,"audioPlay":false,"sceneViewState":{"showFog":false,"showMaterialUpdate":false,"showSkybox":false,"showFlares":false,"showImageEffects":false,"showParticleSystems":false},"in2DMode":false,"pivot":{"x":1.7440366744995118,"y":4.5979905128479,"z":14.503042221069336},"rotation":{"x":-0.03838871419429779,"y":0.0009058107971213758,"z":-0.00003488231959636323,"w":-0.9992632865905762},"size":9.804433822631836,"orthographic":false}