{"cameraMode":{"drawMode":0,"name":"Shaded","section":"Shading Mode"},"sceneLighting":true,"audioPlay":false,"sceneViewState":{"showFog":false,"showMaterialUpdate":false,"showSkybox":false,"showFlares":false,"showImageEffects":false,"showParticleSystems":false},"in2DMode":false,"pivot":{"x":0.8779786825180054,"y":-2.1761980056762697,"z":34.42451095581055},"rotation":{"x":0.09734530001878739,"y":0.002985800849273801,"z":-0.0002920385741163045,"w":0.9952464699745178},"size":29.552167892456056,"orthographic":false}