{"cameraMode":{"drawMode":0,"name":"Shaded","section":"Shading Mode"},"sceneLighting":true,"audioPlay":false,"sceneViewState":{"showFog":false,"showMaterialUpdate":false,"showSkybox":false,"showFlares":false,"showImageEffects":false,"showParticleSystems":false},"in2DMode":false,"pivot":{"x":0.5696196556091309,"y":1.6842434406280518,"z":20.254493713378908},"rotation":{"x":-0.12237497419118881,"y":-0.07110095024108887,"z":0.00878986157476902,"w":-0.9898958206176758},"size":20.40128517150879,"orthographic":false}