{"cameraMode":{"drawMode":0,"name":"Shaded","section":"Shading Mode"},"sceneLighting":true,"audioPlay":false,"sceneViewState":{"showFog":false,"showMaterialUpdate":false,"showSkybox":false,"showFlares":false,"showImageEffects":false,"showParticleSystems":false},"in2DMode":false,"pivot":{"x":3.667043924331665,"y":-0.8872158527374268,"z":32.72220230102539},"rotation":{"x":0.09052260220050812,"y":0.13550736010074616,"z":-0.012433655560016632,"w":0.9865541458129883},"size":17.777585983276368,"orthographic":false}