{"cameraMode":{"drawMode":0,"name":"Shaded","section":"Shading Mode"},"sceneLighting":true,"audioPlay":false,"sceneViewState":{"showFog":false,"showMaterialUpdate":false,"showSkybox":false,"showFlares":false,"showImageEffects":false,"showParticleSystems":false},"in2DMode":false,"pivot":{"x":-1.0998637676239014,"y":0.9987017512321472,"z":9.36966323852539},"rotation":{"x":0.09283730387687683,"y":-0.024787921458482744,"z":0.0023120276164263489,"w":0.995370090007782},"size":6.715836524963379,"orthographic":false}